id,career_code,career_name,career_category,description,access_tier,min_grade_level,max_grade_level,grade_category,min_grade_level_num,max_grade_level_num
58494cf4-6ed7-4287-b976-84c7a1385b20,youth-minister,Youth Minister,Religious Services,Teaches and guides young people in faith communities,select,3,12,elementary,0,12
6cdb2c96-5c90-4340-8dcf-fb984eab9ae8,crossing-guard,Crossing Guard,safety,Explore the exciting career of Crossing Guard,select,K,12,elementary,0,12
ad008276-665a-4ebc-85d3-0ba1bb48f724,grocery-worker,Grocery Store Worker,community,Explore the exciting career of Grocery Store Worker,select,K,12,elementary,0,12
a7136bbb-8a75-417d-9e36-5ba8301ad9b0,janitor,Janitor,community,Explore the exciting career of Janitor,premium,K,12,elementary,0,12
08765612-7f6c-4776-94f0-7d4e617d22fc,cafeteria-worker,Cafeteria Worker,community,Explore the exciting career of Cafeteria Worker,select,K,12,elementary,0,12
9c422536-08e5-40ee-8aea-c73507a4e1b1,game-developer,Game Developer,technology,Design and build fun video games,premium,6,12,middle,0,12
2879e602-2b6a-4296-8f5d-32ecbd80b9fc,youtuber,YouTuber/Content Creator,media,Make videos and content that entertain and educate,premium,6,12,middle,0,12
fe1e5d5d-b886-45a6-8c39-1e28b7282d82,voice-actor,Voice Actor,Arts & Entertainment,Provides voices for game characters and animated shows,premium,3,12,elementary,0,12
e150ced1-5fb3-488d-b25e-16bbc2a25db9,character-artist,Character Artist,Arts & Design,Creates and designs game characters and their appearances,premium,6,12,middle,0,12
c9b7e71a-18cb-45f0-a020-e330ce1c0979,concept-artist,Concept Artist,Arts & Design,Creates initial visual ideas and designs for games,premium,6,12,middle,0,12
77534b0e-5ae8-4ddd-8c10-7bc6b76c12c6,sound-designer,Sound Designer,Audio Production,Creates sound effects and audio environments for games,premium,6,12,middle,0,12
75262ce6-5bd3-4d91-ada0-c48eed51902a,motion-capture,Motion Capture Specialist,Technology,Records real movements to create realistic game animations,premium,6,12,middle,0,12
5605a00f-f4fb-4c86-856d-8e40fba2a3b4,narrative-designer,Narrative Designer,Creative Writing,"Writes stories, quests, and dialogue for video games",premium,6,12,middle,0,12
56e8a971-6bb7-4dfe-8298-9e4059f10247,game-programmer,Game Programmer,Software Engineering,Writes code that makes games work and brings designs to life,premium,9,12,high,0,12
3ac6e4fa-546a-4738-a54c-4e078c679146,it-support,IT Support,Technology,Help with computer problems,select,9,12,high,0,12
57eb77dd-0905-4370-89e8-c38100d65941,education-consultant,Education Consultant,Education,Advise on education strategies,premium,9,12,high,0,12
a5c848b1-c816-4ca4-bf10-4ceb35b29bbc,ux-designer,UX/UI Designer,design,Explore the exciting career of UX/UI Designer,premium,9,12,high,0,12
1cdebbc3-f1e4-4afb-b6de-fdcd86c5ad64,app-developer,Mobile App Developer,technology,Explore the exciting career of Mobile App Developer,premium,9,12,high,0,12
552b5ae8-f6cd-449a-a8ea-95f52121eae4,animator,Animator,Arts & Design,Creates moving characters and scenes for games and movies,premium,3,12,elementary,6,12
dc17ee44-07b8-4960-b4fc-83dbabc40d04,ceo,Chief Executive Officer,business,Explore the exciting career of Chief Executive Officer,select,9,12,high,0,12
eeb1a622-086c-46ac-891b-4968b2524674,dev-director,Development Director,Nonprofit,Leads fundraising efforts for nonprofit organizations,premium,9,12,high,0,12
67915b21-0bdd-4f0a-8cc0-fb0d0ab54021,impact-investor,Impact Investor,Social Finance,Invests money in companies that do good for society,premium,9,12,high,0,12
a545d32e-0ee4-4d76-a17f-9d7658f546a2,humanitarian,Humanitarian Aid Worker,Humanitarian,Delivers aid to people in crisis around the world,premium,6,12,middle,0,12
05332a5b-3bfe-459e-a6be-bdece0f006ab,refugee-worker,Refugee Support Worker,Humanitarian,Helps refugees find safety and start new lives,premium,6,12,middle,0,12
beb56c84-7061-4d73-b922-1d1c91894ed0,united-nations-worker,UN Program Officer,International Relations,Works with the United Nations to solve global problems,premium,9,12,high,0,12
7d78208a-654e-4af5-aa60-17ddc1815381,peace-mediator,International Mediator,Conflict Resolution,Helps countries and groups resolve conflicts peacefully,premium,9,12,high,0,12
f42a159d-3f5f-46bc-abed-7a12f55d700d,relief-director,Relief Operations Director,Emergency Management,Manages large-scale disaster relief operations,premium,9,12,high,0,12
6ddfcaa7-3cb6-4a67-b201-6ddc466d0520,global-health,Global Health Specialist,Public Health,Works to improve health conditions worldwide,premium,9,12,high,0,12
befa21e0-e681-49cf-bee0-8d038a4f3de1,archivist,Archivist,Information Science,Preserves important historical documents and records,premium,6,12,middle,0,12
4b956879-88ed-4e32-b382-020099b7b7b0,research-librarian,Research Librarian,Library Science,Helps people find specialized information for research,premium,6,12,middle,0,12
b6d1d099-3061-406f-a9bc-f2696b8a0ebf,data-librarian,Data Librarian,Data Science,Manages research data and helps scientists organize information,premium,9,12,high,0,12
1eded60a-20cd-4cc9-b166-cab2fd5806dc,digital-archivist,Digital Archivist,Digital Preservation,Preserves digital content and electronic records,premium,9,12,high,0,12
436dbea0-6a54-414f-a426-da4c58eec114,information-architect,Information Architect,Information Design,Designs how information is organized and accessed,premium,9,12,high,0,12
4681f0e1-ec2f-4ae2-9bba-7c1b250879e5,wildlife-rescue,Wildlife Rescuer,Animal Care,Helps injured wild animals and returns them to nature,premium,3,12,elementary,0,12
d2351f4b-b87d-448f-9cd7-c2d31644f578,conservationist,Conservation Scientist,Environmental Science,Studies how to protect natural resources and ecosystems,premium,6,12,middle,0,12
c35e7e74-c55f-4287-8533-410834df1efe,ai-engineer,AI/ML Engineer,technology,Explore the exciting career of AI/ML Engineer,premium,9,12,high,0,12
01d4eea6-afd1-47fd-b13e-386fbd9ba16b,senator,Senator,Public Service,Serve in government,premium,9,12,high,0,12
84aa0e3b-a51e-485f-8035-f0cebdb7e5f8,cybersecurity-specialist,Cybersecurity Specialist,technology,Explore the exciting career of Cybersecurity Specialist,premium,9,12,high,0,12
dfd022b6-6e0b-48a3-82eb-1df4624a16fa,cloud-architect,Cloud Architect,technology,Explore the exciting career of Cloud Architect,premium,9,12,high,0,12
50a53d5d-d720-45b5-b53a-602803af7b8d,game-engine-dev,Game Engine Developer,Software Engineering,Develops core technology and tools that power video games,premium,9,12,high,0,12
8b0fdf92-b238-4cd2-b846-cb121b8a2216,technical-artist,Technical Artist,Technical Design,Bridges art and programming to create visual effects and tools,select,9,12,high,0,12
89b705d1-db07-4dff-873c-3a528adb6fea,game-producer,Game Producer,Project Management,Manages game development projects from start to finish,select,9,12,high,0,12
6b986464-611e-46ab-8bbd-48a528c807c8,game-director,Game Director,Creative Direction,Leads creative vision and overall game design,select,9,12,high,0,12
06ea890f-9012-4ec4-a456-4fba211d2c33,gameplay-engineer,Gameplay Engineer,Software Engineering,Programs core game mechanics and player interactions,premium,9,12,high,0,12
dfd78a3a-aa60-41cd-90bc-9c00c48ed220,network-engineer,Network Engineer,Network Technology,Builds multiplayer systems and online game infrastructure,premium,9,12,high,0,12
86446eed-fa31-406b-a0cf-31e26299bd12,vr-developer,VR/AR Developer,Emerging Technology,Creates virtual and augmented reality gaming experiences,select,9,12,high,0,12
7d23a5ac-4d76-4ace-bc4a-5526e60cd75d,game-econ-designer,Game Economy Designer,Game Design,Designs and balances in-game economies and monetization,select,9,12,high,0,12
9c34b92b-c4d8-4af0-a470-b0055f3b2d28,ux-researcher,UX Researcher,User Research,Studies how players interact with games to improve design,select,9,12,high,0,12
0f18b71c-f7ee-40c9-a425-50e3a94429a6,streaming-engineer,Streaming Platform Engineer,Platform Engineering,Builds technology for game streaming services,select,9,12,high,0,12
6227e15b-9ae5-4869-9a61-2954ef9050de,mission-worker,Missionary,Religious Services,Travels to share faith and help communities worldwide,premium,6,12,middle,0,12
fb17a919-92b3-48cf-90f6-11cdbb3e288a,theologian,Theologian,Religious Studies,Studies and teaches religious texts and beliefs,premium,9,12,high,0,12
bbda27ad-fd23-4531-ae0d-2c1921cf1275,content-strategist,Content Strategist,Marketing,Plans what content to create and when to share it,premium,6,12,middle,0,12
ff9a0dea-ef16-4fd7-ae70-0134a499afd8,motion-designer,Motion Designer,Design,Creates animated graphics and visual effects,premium,6,12,middle,0,12
b5d8f307-6826-4061-8b92-d9db8c840c80,casting-director,Casting Director,Entertainment,Chooses the right actors for movies and shows,premium,6,12,middle,0,12
c8020789-694a-414d-8a5d-cd888234d263,legal-compl-officer,Compliance Officer,Legal & Compliance,Ensures companies follow laws and regulations,premium,9,12,high,0,12
3305b408-ea75-498a-8617-7684c8a543bb,business-dev-mgr,Business Development Manager,Business Development,Identifies new business opportunities and partnerships,premium,9,12,high,0,12
cbb9dfc2-c94d-4e44-84e8-22168ae9e4f3,videographer,Videographer,Media Production,Films and produces professional videos,select,9,12,high,0,12
6a541272-7fe3-4096-811e-58b8fa04e16b,supply-chain-mgr,Supply Chain Manager,Operations,Manages how products move from factories to customers,premium,9,12,high,0,12
2721cb05-9f41-47c5-b7fd-832a40eb53e4,risk-analyst,Risk Analyst,Risk Management,Identifies and analyzes potential business risks,premium,9,12,high,0,12
1c71b6c2-55c9-48cf-b50f-1878ceae8e5e,mergers-acquisition-spec,Mergers & Acquisitions Specialist,Corporate Finance,Helps companies buy and merge with other companies,premium,9,12,high,0,12
f31a2bcd-69b6-4ba2-ac4d-f7ac98cc0750,auditor,Auditor,Accounting,Reviews financial records to ensure accuracy,select,9,12,high,0,12
ed8a941e-3c79-423f-ab8a-d579d9aeb791,brand-strategist,Brand Strategist,Marketing,Develops strategies to build and promote brands,premium,9,12,high,0,12
4d1bf0d4-16ab-4e50-a8da-16cc0c5f362c,customer-success-mgr,Customer Success Manager,Customer Relations,Ensures customers achieve success with products,select,9,12,high,0,12
80773f6a-8bca-4edd-934c-3772f6df9dd7,security-analyst,Security Analyst,Cybersecurity,Protects computer systems from security threats,select,9,12,high,0,12
0b4857af-f06a-4b40-9675-f8e4e183577a,grant-writer,Grant Writer,Nonprofit,Writes proposals to get funding for important projects,premium,6,12,middle,0,12
e487fa1d-d1b4-4068-8b66-a3affba12ebc,program-director,Program Director,Nonprofit,Manages programs that help communities,premium,6,12,middle,0,12
42abb4db-b093-4613-8f2f-74739e14ae04,foundation-director,Foundation Director,Philanthropy,Leads organizations that give money to good causes,premium,9,12,high,0,12
c6d93ebc-d69d-47c0-bf77-a2c34f69da75,philanthropist,Philanthropist,Philanthropy,Uses wealth to help solve world problems,premium,9,12,high,0,12
8a218e3c-a057-4a45-be71-0577bbd8ffaf,human-rights,Human Rights Advocate,Advocacy,Fights for people's rights and freedoms,premium,6,12,middle,0,12
8ddfd606-7641-46f1-b979-c3139b12be1b,pastry-shef,Pastry Chef,Culinary Arts,"Specializes in creating desserts, pastries, and sweet treats",premium,6,12,middle,0,12
8c52b7a6-8ee4-474f-9394-2b537bcf7d4a,food-scientist,Food Scientist,Food Science,"Studies food safety, nutrition, and develops new food products",premium,6,12,middle,0,12
fe0bf187-48e9-4583-ac43-d5f3aed76814,food-critic,Food Critic,Media & Journalism,Reviews restaurants and writes about food experiences,premium,6,12,middle,0,12
ec64b022-d1b0-45f1-9600-ee681e49ea55,sommelier,Sommelier,Culinary Arts,Wine expert who helps select and pair wines with food,premium,9,12,high,0,12
d2a27eef-8cbe-43a5-83ce-602d13d905c3,food-engineer,Food Engineer,Food Technology,Designs food processing systems and equipment,premium,9,12,high,0,12
e1826360-42da-4ad0-a91f-a53b5d55b23f,environment-engineer,Environmental Engineer,Environmental Engineering,Designs solutions to environmental problems,premium,9,12,high,0,12
28d5b6f2-72fe-4bbc-ae42-bdcd75856bba,climate-scientist,Climate Scientist,Climate Science,Studies climate change and its impacts on Earth,premium,9,12,high,0,12
dae28bab-3153-44d4-8fdd-0b74b86be2b9,sustainability-mgr,Sustainability Manager,Sustainability,Helps organizations become more environmentally friendly,premium,9,12,high,0,12
a728ccc1-2a9b-489b-b2fa-83499f48e32d,renewable-energy-spec,Renewable Energy Specialist,Energy,Develops clean energy solutions like solar and wind power,premium,9,12,high,0,12
607d8196-968b-4d87-8df0-39fde71509dd,city-planner,City Planner,Urban Planning,Designs how cities grow and develop,premium,6,12,middle,0,12
a12b9dfa-b921-4ef2-bfe5-48ac75d34c4d,non-profit-director,Nonprofit Director,Nonprofit Management,Leads organizations that help communities,premium,9,12,high,0,12
dc88a40f-4bb9-4253-88f4-18b91c6a77d2,urban-designer,Urban Designer,Urban Design,Creates beautiful and functional public spaces,premium,9,12,high,0,12
90d53af6-f87c-4179-ac4a-4ed4fb6615f1,public-health-spec,Public Health Specialist,Public Health,Works to improve health outcomes for entire communities,select,9,12,high,0,12
d62954cd-0d8a-4285-a09b-9820a8c1037a,podcast-producer,Podcast Producer,media,Explore the exciting career of Podcast Producer,premium,6,12,middle,0,12
150dbe34-febf-4227-bf2c-3df74dff2e51,football-player,Football Player,Professional Sports,Plays American football professionally,premium,6,12,middle,0,12
4f5ae430-3465-44ec-844f-4604ddbc2d53,basketball-player,Basketball Player,Professional Sports,Plays basketball professionally,premium,6,12,middle,0,12
e28dacde-da84-4c76-9104-071284ab74a0,tennis-player,Tennis Player,Professional Sports,Competes professionally in tennis tournaments,premium,6,12,middle,0,12
d269dd6e-0b20-4229-90ee-02cf61040b50,golfer,Professional Golfer,Professional Sports,Plays golf professionally on tours,premium,6,12,middle,0,12
8e64ccbb-7d81-44b6-bb88-5193fab92453,sports-agent,Sports Agent,Sports Management,Represents athletes and negotiates contracts,premium,6,12,middle,0,12
d390d352-54d6-4ff3-a8dc-cf89bf1e3b34,sports-psychologist,Sports Psychologist,Sports Psychology,Helps athletes with mental preparation and performance,premium,6,12,middle,0,12
276f70e7-c04b-4a9b-b33d-5847bc60111c,nfl-player,NFL Player,Professional Sports,Plays in the National Football League,select,9,12,high,0,12
6a3d819e-8d55-4822-8ebd-a706be9a0ca0,nba-player,NBA Player,Professional Sports,Plays in the National Basketball Association,select,9,12,high,0,12
96bddc4c-b2ea-4fe6-882b-cc3b97944d2b,mlb-player,MLB Player,Professional Sports,Plays in Major League Baseball,select,9,12,high,0,12
7f37f5fa-9084-448d-9ebf-a40fcf9842f3,financial-advisor,Financial Advisor,Business,Guide financial decisions,select,9,12,high,0,12
3dbded1f-9475-408f-9b20-fe4cadc81398,mls-player,MLS Player,Professional Sports,Plays in Major League Soccer,select,9,12,high,0,12
c451449f-fb3c-4052-ab65-b8038c64d02b,olympic-athlete,Olympic Athlete,Olympic Sports,Competes at the Olympics representing their country,select,9,12,high,0,12
5a259c72-72fe-4822-a6e8-6c2d9dbc0e5e,sports-general-mgr,General Manager,Sports Management,Manages entire sports teams and organizations,premium,9,12,high,0,12
03bc80aa-a970-4647-b9d8-5b5d310212e2,sports-doctor,Sports Medicine Doctor,Sports Medicine,Provides medical care for professional athletes,premium,9,12,high,0,12
8ef92022-bfa2-460c-9e5b-82b90f63483b,sports-analyst,Sports Analytics Director,Sports Analytics,Uses data to improve team performance and strategy,premium,9,12,high,0,12
c7d9a711-7927-4c6f-a385-131a2d07bc43,fitness-entrepreneur,Fitness Entrepreneur,Fitness Business,Builds fitness brands and training businesses,select,9,12,high,0,12
98ae8282-bb42-4204-87bd-66578f3c5520,sports-lawyer,Sports Lawyer,Sports Law,Handles legal matters for athletes and teams,premium,9,12,high,0,12
77e0c836-ab64-47a8-8ee9-9d6729502b6d,sports-market-dir,Sports Marketing Director,Sports Marketing,"Markets teams, athletes, and sporting events",premium,9,12,high,0,12
21fa6562-f3c6-4688-b2a4-38bf22fee234,data-entry-spec,Data Entry Specialist,Administration,Enters and manages data in computer systems,select,9,12,high,0,12
03a94311-c1b1-49c6-83ec-cefe8c68837c,game-tester,Game Tester,Technology,Tests video games to find bugs and make them more fun to play,select,3,12,elementary,0,12
d2191579-0c7a-44b3-9a1c-d61a73d0ed6b,team-manager,Team Manager,business,Lead teams to achieve goals together,premium,6,12,middle,0,12
f2b57810-3bbb-4154-88e2-690c755b1f6f,streamer,Streamer,Media & Entertainment,Plays games online while others watch and creates gaming content,select,3,12,elementary,0,12
49a99751-f838-4966-96c0-31ac3b4e6598,level-designer,Level Designer,Game Design,"Designs game levels, maps, and worlds for players to explore",premium,6,12,middle,0,12
3c3c44b7-51fe-43fa-a8c1-bd1b3b9c73ba,community-manager,Community Manager,Communications,Manages gaming communities and connects players with developers,select,6,12,middle,0,12
af2fc64c-86f7-4ad3-85b6-4b58be9265cd,pro-athlete,Professional Athlete,sports,Explore the exciting career of Professional Athlete,select,6,12,middle,0,12
f644a749-a5da-47b5-8be6-5db1255ad8b5,marketing-director,Marketing,Business,Promote products and services to target audiences,select,6,12,middle,0,12
60efc1a0-a30d-4b96-83e8-29008c513004,social-media-spec,Social Media Specialist,Digital Marketing,Manages social media accounts and creates engaging content,select,6,12,middle,0,12
18362a41-e739-4c30-8602-0403b2bf3b61,tax-specialist,Tax Specialist,Taxation,Helps individuals and businesses with tax planning,premium,9,12,high,0,12
4e78c708-7ff1-4c2f-9d4c-350a8fee85d0,renewable-energy-engineer,Renewable Energy Engineer,engineering,Explore the exciting career of Renewable Energy Engineer,premium,9,12,high,0,12
ea364c55-0eb1-4569-b852-0b1f6757141b,localization-specialist,Localization Specialist,Translation,Adapts games for different languages and cultures,premium,9,12,high,0,12
ea801770-7614-42f5-864e-174fe398fdf9,esports-manager,Esports Manager,Esports Management,Manages professional esports teams and events,select,9,12,high,0,12
b500e38d-188f-4d34-9eae-6c8300df749e,marketing-manager,Gaming Marketing Manager,Marketing,Develops marketing strategies for games and gaming products,select,9,12,high,0,12
cf6b0439-69f4-449a-9b87-7fbd81b93b59,talent-scout,Esports Talent Scout,Talent Management,Discovers and recruits talented players for esports teams,select,9,12,high,0,12
7f34fa52-ccd5-4b51-9af9-d08cb0efcda1,compliance-manager,Gaming Compliance Manager,Legal & Compliance,Ensures games meet legal and rating requirements,select,9,12,high,0,12
6a6d4ade-f251-4f6f-92c9-0eef83bc7cf0,business-analyst,Gaming Business Analyst,Business Strategy,Analyzes gaming market trends and business opportunities,select,9,12,high,0,12
e938fee5-544a-41ed-992f-3ed633685e28,worship-leader,Worship Leader,Religious Services,Leads music and worship in religious services,select,6,12,middle,0,12
2c58d5e6-14c8-439c-aecc-a916bce51641,sales-rep,Sales Representative,Business,Helps people find and buy things they need,premium,3,12,elementary,0,12
ba37e2c7-02d6-4701-acbf-5809be6f1c37,customer-service,Customer Service Representative,Service,Helps customers and solves their problems,select,3,12,elementary,0,12
191cc1f7-8506-472b-ad8c-111fc37dbd0c,copywriter,Copywriter,Communications,"Writes compelling content for ads, websites, and marketing",select,6,12,middle,0,12
8cb69fa9-f017-49f0-8172-aa43ae0330e0,recruiter,Recruiter,Human Resources,Finds and hires talented people for companies,select,6,12,middle,0,12
c643f77f-4992-429e-8f01-ad072618b5c6,fitness-trainer,Fitness Trainer,Health & Fitness,Teaches people how to exercise and stay healthy,select,6,12,middle,0,12
6b4318ce-54d0-4470-a6fe-77cf6cd91279,talent-agent,Talent Agent,Entertainment,Represents and promotes talented performers,premium,6,12,middle,0,12
607706d5-ca45-474b-bc0c-2e62eeeb485a,hr-manager,Human Resources Manager,Human Resources,Manages employee relations and company culture,select,9,12,high,0,12
7318d699-4ec8-4806-bdfa-8864264b6011,payroll-specialist,Payroll Specialist,Human Resources,Manages employee salaries and benefits,select,9,12,high,0,12
ea1efb19-543f-45fa-a4b4-061542b6ac0b,media-buyer,Media Buyer,Advertising,Purchases advertising space and time for clients,select,9,12,high,0,12
66ed8e3a-d39e-4e5d-ada3-5e1e1cf44ad7,merchandiser,Merchandiser,Retail,Plans and manages product displays in stores,select,9,12,high,0,12
528d10c7-bb96-4d4b-aee4-6419aa7ca09b,religious-edu-director,Religious Education Director,Religious Education,Develops and leads religious education programs,select,9,12,high,0,12
01242cef-327b-48b7-a902-4a89d7345225,charity-worker,Charity Worker,Nonprofit,Helps run organizations that support people in need,premium,3,12,elementary,0,12
ec1de004-aba7-45a4-8a9c-1985cd22a500,volunteer-coordinator,Volunteer Coordinator,Nonprofit,Organizes volunteers to help community programs,select,6,12,middle,0,12
8c61ad5e-c46b-4cf6-ae28-591edadc554e,peace-worker,Peace Worker,Humanitarian,Helps people resolve conflicts peacefully,premium,3,12,elementary,0,12
90f82514-0a99-4822-b426-4e1f95f39c36,disaster-helper,Disaster Relief Worker,Emergency Services,Helps people after natural disasters and emergencies,premium,3,12,elementary,0,12
0d787308-de06-42be-b92e-b1366f307e66,restaurant-manager,Restaurant Manager,Hospitality,Manages restaurant operations and ensures great customer experiences,select,6,12,middle,0,12
125e37d2-f3d8-4d5f-b6d4-3326f4e40b86,culinary-instructor,Culinary Instructor,Education,Teaches culinary arts and cooking techniques to students,select,9,12,high,0,12
436e2791-6e9d-4b53-9504-a8f623b64d5e,storyteller,Storyteller,Arts & Entertainment,Shares stories that entertain and teach important lessons,premium,K,12,elementary,0,12
c1d897e3-e42e-4cb4-b117-c12c8da7f27b,marketing-director,Marketing Director,business,Explore the exciting career of Marketing Director,select,9,12,high,0,12
abf4dbf2-2804-4036-b342-569ec22e119a,info-specialist,Information Specialist,Information Technology,Organizes and manages digital information systems,select,6,12,middle,0,12
13e6da32-a32f-405f-b2c9-19a9bd05e695,environment-educator,Environmental Educator,Education,Teaches people about environmental protection and sustainability,select,6,12,middle,0,12
d4111649-68cb-47ad-b633-75cd330e7aed,recycling-coordinator,Recycling Coordinator,Environmental Services,Manages recycling programs to reduce waste,select,6,12,middle,0,12
b2cb1b9a-58eb-47af-add4-964f2a7b63b7,data_science,Data Science,STEM,Analyze complex data to help organizations make decisions,premium,9,12,high,0,12
2cbd212e-a2cb-46a3-86f5-d09f0340a1ac,mayor,Mayor,Government,Leads a city and makes decisions for the community,premium,3,12,elementary,0,12
fb0d967d-9013-4864-b344-e4a2ae92c0cf,community-organizer,Community Organizer,Community Development,Brings people together to improve their neighborhoods,select,6,12,middle,0,12
7dadfcf0-8a14-4061-bfe5-2248bf397efb,youth-counselor,Youth Counselor,Youth Services,Mentors and guides young people through challenges,select,6,12,middle,0,12
86997074-f2e2-4bfd-8130-61c9cc49032f,finance,Finance,Business,"Manage money, investments, and financial planning",select,6,12,middle,0,12
8c783d00-bac3-4508-90f0-f9919b747c7a,medicine,Medicine,Healthcare,"Diagnose and treat illnesses, injuries, and health conditions",select,6,12,middle,0,12
04c78f7b-2fb6-4f74-ac94-09ef0f5be225,curriculum-designer,Curriculum Designer,Education,Create educational programs,premium,9,12,high,0,12
b667907e-face-4494-b330-e11ce5d7c89f,pastor,Pastor/Minister,Religious Services,Leads religious services and helps people in their faith,premium,3,12,elementary,0,12
f56abd0a-e664-4418-b20d-35845ebd90e6,law,Law,Legal,"Provide legal advice, represent clients, and ensure justice",select,6,12,middle,0,12
2bbe50d2-9acb-46a4-b943-0fa500e9a245,computer-science,Computer Science,STEM,"Design and develop software, algorithms, and computing systems",select,6,12,middle,0,12
d83de137-92e6-4276-82ae-d9afee24e748,soccer-player,Soccer Player,Professional Sports,Plays soccer professionally for teams around the world,premium,K,12,elementary,0,12
f6d3c836-0cc2-4bb7-b7fd-435a11545d98,research,Research,STEM,Conduct systematic investigation to establish facts and reach conclusions,select,6,12,middle,0,12
e41a9260-33fb-4e55-9bee-17a542dbce14,mental-health-counselor,Mental Health Counselor,healthcare,Explore the exciting career of Mental Health Counselor,select,9,12,high,0,12
3e7801ef-8428-47a7-882c-712a68ff7aae,social-media-strategist,Social Media Strategist,media,Explore the exciting career of Social Media Strategist,select,6,12,middle,0,12
36c4eb2d-6867-403a-96ee-a5147264e4af,video-game-designer,Video Game Designer,media,Explore the exciting career of Video Game Designer,select,6,12,middle,0,12
fe8b78a2-20de-4577-bcdd-0a4e0928c071,sustainability-consultant,Sustainability Consultant,environment,Explore the exciting career of Sustainability Consultant,premium,9,12,high,0,12
7a9c241f-541e-47a4-86ae-85fbc2323deb,drone-operator,Drone Operator,technology,Explore the exciting career of Drone Operator,premium,6,12,middle,0,12
94167472-149c-4f35-8354-815568f9212f,space-industry-worker,Space Industry Professional,space,Explore the exciting career of Space Industry Professional,select,6,12,middle,0,12
a275b85a-98d7-4604-9777-720d6237c03f,policy-advisor,Policy Advisor,government,Explore the exciting career of Policy Advisor,select,9,12,high,0,12
5b47f35b-428d-4ac7-9c78-4e0ab348289e,engineering,Engineering,STEM,"Design, develop, and maintain structures, machines, and systems",select,6,12,middle,0,12
ebf87b48-f9c8-443c-8f31-ef139e1c83b2,geneticist,Geneticist,Science,Study genes and heredity,premium,9,12,high,0,12
1147430f-0c11-45b8-9acf-1dbb2d0c3bdc,paleontologist,Paleontologist,Science,Study fossils and prehistoric life,premium,9,12,high,0,12
01d2c8c4-4b4f-46f3-b386-b73ad716c128,meteorologist,Meteorologist,Science,Study weather patterns,premium,6,12,middle,0,12
7f0b785e-5df7-4d00-a160-718ba09e2e47,geologist,Geologist,Science,Study Earth and rocks,premium,6,12,middle,0,12
19890030-09e1-47cc-a6ec-f14acc13112d,astrophysicist,Astrophysicist,Science,Study the universe,premium,9,12,high,0,12
902c73e0-dd85-43ff-ac4c-0b48c7938ebc,sculptor,Sculptor,Arts,Create 3D art,premium,6,12,middle,0,12
e9ad7933-a4e5-4cba-aa14-041394fad7b1,choreographer,Choreographer,Arts,Create dance routines,select,6,12,middle,0,12
cbc9f459-f0ba-43cf-91dc-5b78fe01e77f,fitness-influencer,Fitness Influencer,Sports,Inspire fitness online,premium,6,12,middle,0,12
78c67522-e774-471d-a6a4-9871dc2d4a97,physical-therapist,Physical Therapist,Sports,Help with injury recovery,premium,6,12,middle,0,12
0f7eefeb-a220-4c48-96d4-5f5d070fc45b,university-professor,University Professor,Education,Teach at college level,premium,9,12,high,0,12
35ad19c5-8262-4705-a282-7767027858bd,school-principal,School Principal,Education,Lead schools,select,6,12,middle,0,12
9be571a3-f966-456c-98df-8f005c6c7e9e,accountant,Accountant,Finance,Manages financial records and helps with taxes,select,9,12,high,6,12
6b9726a6-7bcb-4bdf-bf97-f096b7ce18f8,carpenter,Carpenter,trades,Explore the exciting career of Carpenter,select,6,12,middle,6,12
c25405a3-4d17-4c37-966f-28acbf33be4e,architect,Architect,design,Explore the exciting career of Architect,select,6,12,middle,6,12
2cd13af0-687d-43a3-b27d-fb69eccf79da,engineer,Engineer,stem,Explore the exciting career of Engineer,select,6,12,middle,6,12
14e5f33e-01a9-48e8-b003-e888469a0444,scientist,Scientist,Science,Conduct research and experiments,select,6,12,middle,6,12
6aec753f-5549-44c6-b1c3-61022bccfa4e,journalist,Journalist,media,Explore the exciting career of Journalist,select,6,12,middle,6,12
23b0c9af-3f95-4ac4-97c0-aeeceb179be3,environmental-scientist,Environmental Scientist,stem,Explore the exciting career of Environmental Scientist,select,6,12,middle,6,12
9a579e5a-8215-4710-86df-af749f531a1b,graphic-designer,Graphic Designer,creative,Design visual art for brands and media,select,6,12,middle,6,12
a91097e3-aa11-422d-9800-e0c7bc059357,game-designer,Game Designer,Technology,Create video games,select,6,12,middle,6,12
bad7b821-6e5e-4fe4-b897-622f1575b583,video-editor,Video Editor,Media Production,Edits and assembles video footage to tell stories,premium,6,12,middle,6,12
6ebeddd4-b9e7-4e9b-9181-f7c66fedd292,marine-biologist,Marine Biologist,Science,Study ocean life,premium,6,12,middle,6,12
7b316051-c07d-4bdb-949a-1d9ab27456c5,fashion-designer,Fashion Designer,Arts,Design clothing and accessories,select,6,12,middle,6,12
49970e02-cde3-4e25-9e57-935df32c6341,interior-designer,Interior Designer,Arts,Design interior spaces,premium,6,12,middle,6,12
d55ffdca-64bd-4143-80b7-c3483cf7c7ef,real-estate-agent,Real Estate Agent,business,Help people find their dream homes,select,6,12,middle,6,12
44e747ec-4538-4e7f-a18c-3283a359f568,bank-teller,Bank Teller,business,Help people manage their money safely,select,6,12,middle,6,12
feb5cd75-ed6f-49ef-b86d-f5a07477643d,policy-analyst,Policy Analyst,Public Policy,Studies and recommends government policies,premium,9,12,high,9,12
df8b0335-ddb7-458a-8704-27692ba6887b,entrepreneur,Entrepreneur,business,Start your own business and bring new ideas to life,select,9,12,high,9,12
d1a37e92-af85-43f4-9242-de7021720749,scientist,Research Scientist,stem,Explore the exciting career of Research Scientist,select,9,12,high,9,12
452c4ce8-62b1-49d8-a809-fd4f19baefaf,social-worker,Social Worker,public-service,Explore the exciting career of Social Worker,select,9,12,high,9,12
524d9936-8819-4813-a304-b650baf6cb4c,social-worker,Social Worker,Social Services,Helps families and children who need support,select,3,12,elementary,9,12
0dff8378-ccca-4da9-85ac-c9eaccd31433,financial-analyst,Financial Analyst,finance,Explore the exciting career of Financial Analyst,select,9,12,high,9,12
fb7a9074-b29c-4869-89c2-3c51e11f4c1f,pharmacist,Pharmacist,healthcare,Explore the exciting career of Pharmacist,select,9,12,high,9,12
6e8982d0-b724-46c2-8ff2-630d5fb0313c,film-director,Film Director,Arts,Direct movies and shows,select,9,12,high,9,12
ec24d711-bcfc-44e0-9cf3-9005159a66cd,ceo,CEO,Business,Lead companies,select,9,12,high,9,12
1601dd23-2037-4624-96b8-4dd10c31be9c,lawyer,Lawyer,law,Explore the exciting career of Lawyer,select,9,12,high,9,12
d3b7c872-5213-46b9-bd72-b95648b3d1c9,software-engineer,Software Engineer,engineering,Explore the exciting career of Software Engineer,select,9,12,high,9,12
4a54728b-cbc7-431b-b547-7c4d62123ad7,data-scientist,Data Scientist,technology,Explore the exciting career of Data Scientist,premium,9,12,high,9,12
8ae2d572-2499-4502-9f67-9d22947f23e9,investment-banker,Investment Banker,finance,Explore the exciting career of Investment Banker,premium,9,12,high,9,12
9af49d05-6acd-4c51-874a-2a85a673dda1,surgeon,Surgeon,healthcare,Explore the exciting career of Surgeon,premium,9,12,high,9,12
b955ace8-98ea-4b7d-be6d-513f8a8c69c1,robotics-engineer,Robotics Engineer,engineering,Explore the exciting career of Robotics Engineer,premium,9,12,high,9,12
dcfb7395-0c6a-48e6-83f1-0d8d1e4edecb,psychologist,Psychologist,Mental Health,Studies behavior and helps people with mental health,premium,9,12,high,9,12
79bbb923-d1a4-4c0e-88c6-3069733190dd,diplomat,Diplomat,Public Service,Represent country internationally,premium,9,12,high,9,12
5631d886-42c0-42ac-b6d9-e7fcd8855472,doctor,Doctor,health,Help people feel better when they are sick,select,K,12,elementary,0,12
1c7463be-47ad-4a22-89e3-033e2a1366b1,police-officer,Police Officer,safety,Keep our community safe and help people,select,K,12,elementary,0,12
e61ff170-28d4-45f9-8e7d-708435ecb807,chef,Chef,community,Cook delicious food for people to enjoy,select,K,12,elementary,0,12
2c24cd65-c56a-4393-a1a8-b92fc795da16,artist,Artist,creative,Create beautiful pictures and artwork,premium,K,12,elementary,0,12
4a826fa8-6461-4b1e-b455-2955c752b9ff,teacher,Teacher,education,Help children learn new things every day,select,K,12,elementary,0,12
1f838bd2-431a-442e-8ddc-40b44284368e,firefighter,Firefighter,safety,Keep people safe from fires and help in emergencies,select,K,12,elementary,0,12
0c975f37-2233-43c9-9af2-306801142e51,chef,Chef,Culinary Arts,Creates delicious meals and new recipes in restaurants,select,K,12,elementary,0,12
f60acf89-25e0-45e6-809f-bdd3e3897280,farmer,Farmer,Agriculture,Grows food and raises animals that feed our communities,select,K,12,elementary,0,12
6fbf106d-5608-486a-a356-c358ac2cd3a0,dancer,Dancer,performing-arts,Explore the exciting career of Dancer,premium,K,12,elementary,2,12
0f1ac8e6-4749-4fc7-8f69-bed618ef078b,musician,Musician,creative,Explore the exciting career of Musician,premium,K,12,elementary,2,12
fc34fc73-384b-49a3-a810-abff3103da72,librarian,Librarian,education,Share the magic of books and help people find information,select,K,12,elementary,2,12
448cc17a-ef9d-46b3-b907-c367602bb9bb,baker,Baker,Culinary Arts,"Makes bread, cakes, and pastries for people to enjoy",premium,K,12,elementary,2,12
7de055d9-18f1-4a0f-b43a-a719a461d9d6,librarian,Librarian,Library Science,Helps people find books and information they need,select,K,12,elementary,2,12
8b5f1ab6-9888-4df9-9fb7-87b2bb2c64c4,veterinarian,Veterinarian,health,Take care of animals and keep pets healthy,select,K,12,elementary,2,12
750d1673-4dd8-4d6f-82e6-19a72d394737,nurse,Nurse,health,Explore the exciting career of Nurse,select,K,12,elementary,2,12
f0b0d474-9da7-4474-a36f-508bfc4b402e,coach,Coach,education,Teach sports and help athletes reach their best,select,K,12,elementary,2,12
bf806286-76f6-4389-9488-bd6b0d8567d3,photographer,Photographer,Arts & Media,Takes pictures to capture special moments and tell stories,premium,K,12,elementary,4,12
5556d3f6-bc7f-4f93-bdc1-9f8b10263392,bus-driver,Bus Driver,community,Explore the exciting career of Bus Driver,select,3,12,elementary,4,12
bd468b8b-9b18-433b-8b90-9d80568c73e0,writer,Writer,creative,Create stories and articles that inspire,select,3,12,elementary,4,12
494687a9-2dc1-4f5f-b0ae-1b86be7a2be2,photographer,Photographer,creative,Capture special moments through photography,premium,K,12,elementary,4,12
700a32a2-2417-4e8f-ad42-9630d599c731,park-ranger,Park Ranger,community,Explore the exciting career of Park Ranger,premium,K,12,elementary,4,12
2733d3ec-ec8c-444a-a68e-4194e28f2280,dentist,Dentist,health,Explore the exciting career of Dentist,select,K,12,elementary,4,12
9d31f08e-75bc-46ab-967d-844b737c0d93,park-ranger,Park Ranger,Environmental Science,Protects nature and teaches people about the environment,premium,K,12,elementary,4,12
beddf60d-e654-4796-8b9c-06998d661a28,game-data-analyst,Game Data Analyst,Analytics,Analyzes player behavior and game metrics to improve experiences,select,9,12,high,0,12
ba1d5aac-a9c1-4a6a-976e-20615d56fd9a,fundraiser,Fundraiser,Nonprofit,Raises money to help good causes and charities,premium,3,12,elementary,0,12
a5d93c98-d59a-4742-b9e1-0b97f02ac202,ai-engineer,AI Engineer,Artificial Intelligence,Creates artificial intelligence for game characters and systems,premium,9,12,high,0,12
422b0e10-0af5-482e-8705-c26463ede045,esports-player,Professional Gamer,Esports,Competes professionally in video game tournaments,premium,6,12,middle,0,12
e00f9808-1059-403e-818a-5209c102ccfa,content-creator,Content Creator,Media,"Creates gaming videos, guides, and entertainment content",select,6,12,middle,0,12
b47f04fb-1003-4930-bdc6-a0b53ca29a99,qa-analyst,QA Analyst,Quality Assurance,Tests games thoroughly to ensure quality and find issues,select,6,12,middle,0,12
13355b1c-98fb-4b8e-b07b-e0e97f631b8d,ui-designer,UI Designer,Design,"Designs game menus, interfaces, and player controls",select,6,12,middle,0,12
1920478f-941f-456c-bc4f-84b032780220,esports-coach,Esports Coach,Esports,Trains and guides competitive gaming teams,select,6,12,middle,0,12
928a618e-82c8-49fd-8b4b-09b884f72463,education,Education,Education,Teach and guide students in their learning journey,select,6,12,middle,0,12
86420779-3fd9-4df4-825e-e9188d62254f,biotech-researcher,Biotech Researcher,science,Explore the exciting career of Biotech Researcher,premium,9,12,high,0,12
365424c9-860d-48ac-8eaf-449ab6f9c2a1,copy-editor,Copy Editor,Publishing,Reviews and corrects written content for errors,select,9,12,high,0,12
45a1cfe4-55a5-483f-af3c-065fe04c1b87,architecture,Architecture,Design,Design buildings and spaces that are functional and aesthetic,select,6,12,middle,0,12
9fef2f2c-08d8-42c9-b9bf-96220f9d6362,chaplain,Chaplain,Religious Services,"Provides spiritual care in hospitals, military, and schools",select,6,12,middle,0,12
e3a0b81f-a3ba-49bf-b912-bdfc90f9e1a2,baseball-player,Baseball Player,Professional Sports,Plays baseball professionally in major leagues,select,3,12,elementary,0,12
4fff3e1a-d114-41dd-a2de-6fba6f235425,coach,Sports Coach,Sports Coaching,Teaches and trains athletes to be their best,select,3,12,elementary,0,12
e568f251-2723-4f04-8432-eff91038179f,referee,Referee/Umpire,Sports Officiating,Makes sure sports games are played fairly,select,3,12,elementary,0,12
57af7228-e32c-4a5a-92cc-7392ebb819e6,sports-trainer,Athletic Trainer,Sports Medicine,Helps athletes stay healthy and recover from injuries,premium,6,12,middle,0,12
798c6a9f-4c6c-46a4-8c43-6538f29840aa,sports-caster,Sports Broadcaster,Sports Media,Announces games and reports on sports news,premium,6,12,middle,0,12
ec8c8645-4319-476b-97de-a5adf74ce775,talent-scout,Talent Scout,Talent Scouting,Finds and recruits talented young athletes,premium,6,12,middle,0,12
ea90d5c3-0bb1-4704-a049-d3cef0280158,judge,Judge,Public Service,Preside over legal cases,premium,9,12,high,9,12
5888a1f5-13b0-4c59-a5be-2a33a1533a40,mail-carrier,Mail Carrier,community,Explore the exciting career of Mail Carrier,premium,K,12,elementary,4,12
1b3e4f76-d6f7-4883-aabd-4622a1d7c8a9,programmer,Programmer,technology,Create software and apps that people use every day,select,6,12,middle,0,12
b3aa1917-85ed-4f5a-9640-2d4801d0dcbe,web-designer,Web Designer,technology,Create beautiful and useful websites,select,6,12,middle,0,12
d2a8feb4-790f-4b2d-88d4-afd6389a5de1,nutritionist,Nutritionist,Health & Wellness,Helps people eat healthy and make good food choices,select,6,12,middle,0,12
dba4123e-c402-4e67-8932-11ed6bf99842,electrician,Electrician,trades,Explore the exciting career of Electrician,select,6,12,middle,6,12
cff713c3-8a7b-4775-bf44-6284b66b758f,plumber,Plumber,trades,Explore the exciting career of Plumber,select,6,12,middle,6,12
22b71baf-0241-44e1-93dd-4eb9391eb1f8,pediatrician,Pediatrician,Healthcare,Specialize in children health,select,9,12,high,0,12
d010a82c-b15e-436f-be01-fc59691c6f71,software-architect,Software Architect,Technology,Design complex systems,premium,6,12,middle,0,12
ada7c93e-8df7-4cad-bef3-1eeb33286c97,executive-chef,Executive Chef,Culinary,Lead restaurant kitchens,select,6,12,middle,0,12
ad66c19f-3c49-4cbb-8ac3-352415c89f18,astronaut,Astronaut,Science,Explore space,premium,6,12,middle,0,12
583014f6-8daf-4755-b6b2-f28abf39ebb8,neurosurgeon,Neurosurgeon,Healthcare,Brain and nerve surgery specialist,premium,9,12,high,0,12
9815924a-4676-4f54-8351-77b2d3acd3cc,oncologist,Oncologist,Healthcare,Cancer treatment specialist,premium,9,12,high,0,12
4fb09318-304a-4b56-8c8d-2fbe77ffd1d4,orthodontist,Orthodontist,Healthcare,Teeth alignment specialist,premium,6,12,middle,0,12
06cb1d04-4c0d-42f3-a849-90379c2de8da,plastic_surgeon,Plastic Surgeon,Healthcare,Reconstructive surgery specialist,premium,9,12,high,0,12
1c813ecc-fb01-412e-89ac-92c4fcf5e52c,ai_researcher,AI Researcher,Technology,Research artificial intelligence,premium,9,12,high,0,12
2316a65d-4134-4f9c-a520-618dcbf12c93,devops_engineer,DevOps Engineer,Technology,Manage development operations,premium,9,12,high,0,12
664ea832-dae1-4a32-98be-12f100b264f2,vr-developer,VR Developer,Technology,Create virtual reality experiences,premium,6,12,middle,0,12
5fa01e23-19ff-406a-ab57-ec35d133472a,fbi_agent,FBI Agent,Public Service,Federal law enforcement,premium,9,12,high,0,12
b4bb83b2-a4ab-4ec0-945c-d4e51104eabe,aerospace-engineer,Aerospace Engineer,engineering,Explore the exciting career of Aerospace Engineer,premium,9,12,high,9,12
ea896a8b-bec6-4004-b924-41c27e488a8d,psychiatrist,Psychiatrist,healthcare,Explore the exciting career of Psychiatrist,premium,9,12,high,9,12
bf8fd354-6fce-49b9-9f3f-6dca2d7b7729,cybersecurity-expert,Cybersecurity Expert,Technology,Protect digital systems,premium,9,12,high,9,12
a6447ed0-4275-41ac-a964-882333cb1dc9,product_manager,Product Manager,Business,Manage product development,select,9,12,high,9,12
d14d69ad-d484-4d62-862e-5a14da2dca6f,blockchain-developer,Blockchain Developer,fintech,Explore the exciting career of Blockchain Developer,premium,9,12,high,9,12
caa2e184-3a9e-46c1-9051-3a233e2234ea,therapist,Therapist,Healthcare,Help people with mental health,select,9,12,high,9,12
